{"poses": [{"nose": {"x": 274.7034316485091, "y": 75.82970849296261, "conf": 0.9995787739753723}, "l_eye": {"x": 286.8068059746863, "y": 63.75021696724644, "conf": 0.9953176975250244}, "r_eye": {"x": 263.65779152110287, "y": 64.57449021532356, "conf": 0.9989683628082275}, "l_ear": {"x": 301.7270716596584, "y": 67.32298255986561, "conf": 0.675125241279602}, "r_ear": {"x": 246.51622595738604, "y": 69.93577666530719, "conf": 0.9186676740646362}, "l_shoulder": {"x": 321.78157126782423, "y": 138.291022465546, "conf": 0.9375591278076172}, "r_shoulder": {"x": 229.7007773195884, "y": 138.94646721327237, "conf": 0.9845840930938721}, "l_elbow": {"x": 327.804791183361, "y": 225.29287165010595, "conf": 0.7803884148597717}, "r_elbow": {"x": 206.14827686193547, "y": 256.48228827680464, "conf": 0.07950893044471741}, "l_wrist": {"x": 332.1699351461602, "y": 286.04101568674076, "conf": 0.06468679010868073}, "r_wrist": {"x": 285.88320894061394, "y": 243.96390482731638, "conf": 0.08880938589572906}, "l_hip": {"x": 308.6568195605313, "y": 308.70606349658414, "conf": 0.18124812841415405}, "r_hip": {"x": 236.33747751377146, "y": 313.7441279560155, "conf": 0.49767786264419556}, "l_knee": {"x": 299.55237683433234, "y": 464.5932901845502, "conf": 0.027765518054366112}, "r_knee": {"x": 221.07870291556262, "y": 530.5283519325918, "conf": 0.09102507680654526}, "l_ankle": {"x": 290.4831987333921, "y": 599.1244865064676, "conf": 0.0013838064623996615}, "r_ankle": {"x": 187.80414860895652, "y": 757.7011565059596, "conf": 0.002844213042408228}, "neck": {"x": 275.7411742937063, "y": 138.6187448394092, "conf": 0.9610716104507446}}, {"nose": {"x": 411.11223202831343, "y": 306.17925768063935, "conf": 0.9985563158988953}, "l_eye": {"x": 427.5817846179182, "y": 297.81119446947395, "conf": 0.9967404007911682}, "r_eye": {"x": 405.91288291577507, "y": 293.2972642901316, "conf": 0.9958339929580688}, "l_ear": {"x": 448.04234580827557, "y": 311.6183656549178, "conf": 0.9556509852409363}, "r_ear": {"x": 396.59083239052916, "y": 301.54521950628026, "conf": 0.14800022542476654}, "l_shoulder": {"x": 464.0251371441801, "y": 373.5203322482247, "conf": 0.7147338390350342}, "r_shoulder": {"x": 377.2139648913645, "y": 370.1030768799644, "conf": 0.8856700658798218}, "l_elbow": {"x": 528.9861820259704, "y": 444.19775225578707, "conf": 0.2848488390445709}, "r_elbow": {"x": 374.258540226863, "y": 457.53060715074486, "conf": 0.04730372875928879}, "l_wrist": {"x": 483.4452170938124, "y": 508.7765828397233, "conf": 0.5548710227012634}, "r_wrist": {"x": 349.8732528769572, "y": 473.9032899029682, "conf": 0.0404505729675293}, "l_hip": {"x": 439.74477777633336, "y": 555.1795791769304, "conf": 0.8328448534011841}, "r_hip": {"x": 375.1336157235421, "y": 539.1420908834203, "conf": 0.8874804377555847}, "l_knee": {"x": 453.14894428446956, "y": 686.1745777163202, "conf": 0.8585748076438904}, "r_knee": {"x": 365.1699666880039, "y": 676.6819545461952, "conf": 0.9672518968582153}, "l_ankle": {"x": 451.3547858582872, "y": 803.9905996758125, "conf": 0.8016730546951294}, "r_ankle": {"x": 365.1316515420103, "y": 791.7264239978239, "conf": 0.5154311060905457}, "neck": {"x": 420.6195510177723, "y": 371.81170456409455, "conf": 0.800201952457428}}], "compute_time": "1.696", "metadata": {"width": 700, "height": 873, "pose_model_name": "PoseNet", "compute_time": "1.696"}}