{"poses": [{"nose": {"x": 311.07773997932424, "y": 147.97205077477219, "conf": 0.9952314496040344}, "l_eye": {"x": 321.3322136092548, "y": 138.58480649762643, "conf": 0.9975026249885559}, "r_eye": {"x": 306.2173899269426, "y": 133.25408940529786, "conf": 0.9818015694618225}, "l_ear": {"x": 335.08199463405253, "y": 143.98364142305792, "conf": 0.7391182780265808}, "r_ear": {"x": 295.6812255499134, "y": 140.5350170426168, "conf": 0.7301356792449951}, "l_shoulder": {"x": 348.2086081931, "y": 179.3208190398223, "conf": 0.9871876239776611}, "r_shoulder": {"x": 281.614344759293, "y": 175.3985115668597, "conf": 0.3592207431793213}, "l_elbow": {"x": 372.47321207647985, "y": 236.47549445535688, "conf": 0.5184347033500671}, "r_elbow": {"x": 254.83743368473665, "y": 221.86985457964315, "conf": 0.7776176333427429}, "l_wrist": {"x": 369.96666504601, "y": 274.4504392282018, "conf": 0.791377604007721}, "r_wrist": {"x": 236.96191668711464, "y": 272.3467468433352, "conf": 0.9317182898521423}, "l_hip": {"x": 347.252766961392, "y": 284.0618905259839, "conf": 0.936314582824707}, "r_hip": {"x": 294.5792560030598, "y": 284.9469578885547, "conf": 0.8572582602500916}, "l_knee": {"x": 361.0789609397644, "y": 339.8959197167561, "conf": 0.46717408299446106}, "r_knee": {"x": 266.358604238166, "y": 361.0775927832926, "conf": 0.9599331617355347}, "l_ankle": {"x": 386.7104207082301, "y": 393.162581225092, "conf": 0.04019944369792938}, "r_ankle": {"x": 264.2104980314361, "y": 449.40264026381624, "conf": 0.8204200267791748}, "neck": {"x": 314.9114764761965, "y": 177.359665303341, "conf": 0.6732041835784912}}, {"nose": {"x": 103.53641317023394, "y": 59.76483850105407, "conf": 0.9917004704475403}, "l_eye": {"x": 110.59169793410406, "y": 53.35284865923301, "conf": 0.9972960352897644}, "r_eye": {"x": 98.23695652400463, "y": 53.368420768372374, "conf": 0.9852325916290283}, "l_ear": {"x": 124.5449181953932, "y": 51.66952568906831, "conf": 0.9461492896080017}, "r_ear": {"x": 93.65127830441043, "y": 58.679689148513944, "conf": 0.4146788418292999}, "l_shoulder": {"x": 156.30410051265414, "y": 71.0088640498146, "conf": 0.5438900589942932}, "r_shoulder": {"x": 103.29072125645553, "y": 88.07242049118949, "conf": 0.16206520795822144}, "l_elbow": {"x": 196.05730516713547, "y": 80.14560731021344, "conf": 0.09597066044807434}, "r_elbow": {"x": 67.5808512541335, "y": 120.88003720808098, "conf": 0.9135814309120178}, "l_wrist": {"x": 204.85749429635214, "y": 94.80663551059274, "conf": 0.8059448003768921}, "r_wrist": {"x": 44.663212150586595, "y": 164.15750083175902, "conf": 0.804057776927948}, "l_hip": {"x": 180.71737820141232, "y": 153.5901335673339, "conf": 0.7030932307243347}, "r_hip": {"x": 137.79351554471768, "y": 156.54084777693615, "conf": 0.971160888671875}, "l_knee": {"x": 208.80904849021874, "y": 233.09068620706674, "conf": 0.8401092290878296}, "r_knee": {"x": 90.44062918394452, "y": 228.40355236679096, "conf": 0.5772202014923096}, "l_ankle": {"x": 223.1992046105319, "y": 297.6784256407761, "conf": 0.0007837729644961655}, "r_ankle": {"x": 64.84492400042323, "y": 293.8533512220673, "conf": 0.4151124358177185}, "neck": {"x": 129.79741088455484, "y": 79.54064227050205, "conf": 0.3529776334762573}}, {"nose": {"x": 539.7678338255087, "y": 101.45925105500463, "conf": 0.9967983365058899}, "l_eye": {"x": 544.0951184920879, "y": 92.13955338565289, "conf": 0.9962491393089294}, "r_eye": {"x": 530.7940546617942, "y": 91.77952734306346, "conf": 0.9905502796173096}, "l_ear": {"x": 560.9527443150847, "y": 97.86173854891551, "conf": 0.8057841062545776}, "r_ear": {"x": 521.1091332652718, "y": 96.94984074566291, "conf": 0.5996953248977661}, "l_shoulder": {"x": 564.323317863889, "y": 139.51014415757575, "conf": 0.923679530620575}, "r_shoulder": {"x": 512.7683153844, "y": 137.2849817372891, "conf": 0.2060374766588211}, "l_elbow": {"x": 569.9013985831662, "y": 201.72470594525163, "conf": 0.9848229885101318}, "r_elbow": {"x": 490.89183775208653, "y": 176.44437221172757, "conf": 0.468214213848114}, "l_wrist": {"x": 534.0290871277628, "y": 219.10117936930217, "conf": 0.9383277893066406}, "r_wrist": {"x": 481.13671539203716, "y": 210.63275160533422, "conf": 0.496295690536499}, "l_hip": {"x": 534.3631540140857, "y": 239.17364954636992, "conf": 0.9502684473991394}, "r_hip": {"x": 498.30238702526384, "y": 229.02930372789046, "conf": 0.45118448138237}, "l_knee": {"x": 501.489423780779, "y": 317.0220661855401, "conf": 0.2994065284729004}, "r_knee": {"x": 464.03584086271803, "y": 300.76656289232136, "conf": 0.043619394302368164}, "l_ankle": {"x": 477.57417154553366, "y": 395.5803917357468, "conf": 0.017496757209300995}, "r_ankle": {"x": 471.3496028874415, "y": 398.5828514708144, "conf": 0.016698071733117104}, "neck": {"x": 538.5458166241444, "y": 138.39756294743242, "conf": 0.564858503639698}}, {"nose": {"x": 501.9891290148032, "y": 79.14223568394499, "conf": 0.9959203004837036}, "l_eye": {"x": 507.92148921381164, "y": 73.24802088633676, "conf": 0.9833629131317139}, "r_eye": {"x": 493.7445188654213, "y": 72.99033040128356, "conf": 0.9909833669662476}, "l_ear": {"x": 512.7476040870705, "y": 85.30993963360612, "conf": 0.5777450799942017}, "r_ear": {"x": 481.4419860582529, "y": 76.46537051041689, "conf": 0.8958593010902405}, "l_shoulder": {"x": 519.4425586906292, "y": 113.37350576536402, "conf": 0.3523833453655243}, "r_shoulder": {"x": 461.8392342861748, "y": 111.44665833550717, "conf": 0.9726467132568359}, "l_elbow": {"x": 512.9622459411621, "y": 169.3219442602858, "conf": 0.07593570649623871}, "r_elbow": {"x": 417.7876470864925, "y": 148.79177769105908, "conf": 0.974616289138794}, "l_wrist": {"x": 510.7427101714213, "y": 208.4237644018386, "conf": 0.22212740778923035}, "r_wrist": {"x": 383.54435915890673, "y": 180.01623030082578, "conf": 0.18417540192604065}, "l_hip": {"x": 496.402632084504, "y": 215.52556399440903, "conf": 0.22121857106685638}, "r_hip": {"x": 461.99247028936225, "y": 201.98985303399868, "conf": 0.7747553586959839}, "l_knee": {"x": 488.8173654951897, "y": 305.5929283728966, "conf": 0.0614781491458416}, "r_knee": {"x": 432.0773282300361, "y": 276.5091769058576, "conf": 0.1331721395254135}, "l_ankle": {"x": 471.54060535849044, "y": 416.8095414752711, "conf": 0.010199538432061672}, "r_ankle": {"x": 401.7915148357115, "y": 325.57974434141147, "conf": 0.08385620266199112}, "neck": {"x": 490.640896488402, "y": 112.41008205043559, "conf": 0.6625150293111801}}, {"nose": {"x": 323.8138743234927, "y": 92.70731028209403, "conf": 0.968658983707428}, "l_eye": {"x": 331.07015535763105, "y": 83.67217484060323, "conf": 0.9734848141670227}, "r_eye": {"x": 313.5204765487079, "y": 83.47500501281118, "conf": 0.8909072279930115}, "l_ear": {"x": 341.3969401364383, "y": 87.13246719238546, "conf": 0.850575864315033}, "r_ear": {"x": 304.4490021356644, "y": 91.16067222932945, "conf": 0.3432161509990692}, "l_shoulder": {"x": 357.6554591900985, "y": 120.97780441234349, "conf": 0.9870095252990723}, "r_shoulder": {"x": 296.7899399704314, "y": 105.04430650176779, "conf": 0.7051280736923218}, "l_elbow": {"x": 386.9328596941737, "y": 175.9263964536747, "conf": 0.590980052947998}, "r_elbow": {"x": 296.28127228349297, "y": 149.85177670577093, "conf": 0.52475506067276}, "l_wrist": {"x": 373.56414979867145, "y": 210.17089348053895, "conf": 0.12178492546081543}, "r_wrist": {"x": 297.57135240062695, "y": 164.66306469713828, "conf": 0.2659514248371124}, "l_hip": {"x": 338.4782321135471, "y": 210.60706104898313, "conf": 0.20424872636795044}, "r_hip": {"x": 301.67038967396314, "y": 176.84485477356154, "conf": 0.3431684374809265}, "l_knee": {"x": 344.35785946516324, "y": 285.5037047492748, "conf": 0.012211335822939873}, "r_knee": {"x": 287.1805276275686, "y": 233.65758566171232, "conf": 0.004948117304593325}, "l_ankle": {"x": 365.70926942873564, "y": 348.1722933197575, "conf": 0.05024817958474159}, "r_ankle": {"x": 287.02072960530325, "y": 312.5282992375433, "conf": 0.004018105566501617}, "neck": {"x": 327.22269958026493, "y": 113.01105545705565,