{"poses": [{"nose": {"x": 469.8759945598733, "y": 224.67267745558982, "conf": 0.9953304529190063}, "l_eye": {"x": 474.6946494627055, "y": 218.09010915031212, "conf": 0.9815356135368347}, "r_eye": {"x": 458.7348918892329, "y": 218.84278047015098, "conf": 0.9810007214546204}, "l_ear": {"x": 485.9105099216367, "y": 226.04171396277803, "conf": 0.39593198895454407}, "r_ear": {"x": 442.1700012557498, "y": 229.19029058768737, "conf": 0.7992869019508362}, "l_shoulder": {"x": 495.7546350953155, "y": 283.1835646322596, "conf": 0.9276736974716187}, "r_shoulder": {"x": 422.4420819321847, "y": 286.6860075108489, "conf": 0.9049469232559204}, "l_elbow": {"x": 552.7920863372839, "y": 303.6053801977147, "conf": 0.5398944616317749}, "r_elbow": {"x": 358.0812700224428, "y": 312.9347787823594, "conf": 0.6941104531288147}, "l_wrist": {"x": 560.8011158110818, "y": 244.85230710213648, "conf": 0.4842044711112976}, "r_wrist": {"x": 337.0721421618063, "y": 259.2751177960669, "conf": 0.008111941628158092}, "l_hip": {"x": 489.4106743052093, "y": 405.09506038197304, "conf": 0.6520649194717407}, "r_hip": {"x": 431.14326925524836, "y": 403.00634582698, "conf": 0.7801010012626648}, "l_knee": {"x": 521.4781544374213, "y": 471.49149877146675, "conf": 0.09643480181694031}, "r_knee": {"x": 378.82800040452867, "y": 487.89407897413827, "conf": 0.10920688509941101}, "l_ankle": {"x": 519.3266087342207, "y": 496.5274136861166, "conf": 0.020666560158133507}, "r_ankle": {"x": 372.5113726055383, "y": 472.47385279895275, "conf": 0.13979192078113556}, "neck": {"x": 459.0983585137501, "y": 284.9347860715543, "conf": 0.9163103103637695}}, {"nose": {"x": 699.3547517643941, "y": 119.12906330231338, "conf": 0.9579330086708069}, "l_eye": {"x": 702.7864564433958, "y": 114.72065692617183, "conf": 0.9204866886138916}, "r_eye": {"x": 694.6576077469106, "y": 114.06799965818027, "conf": 0.8913460373878479}, "l_ear": {"x": 706.9086803002689, "y": 116.24198556643482, "conf": 0.4714663326740265}, "r_ear": {"x": 687.985614184356, "y": 117.51435784568565, "conf": 0.683804452419281}, "l_shoulder": {"x": 722.8629425361103, "y": 142.88257413440283, "conf": 0.9940080642700195}, "r_shoulder": {"x": 679.6021218013426, "y": 143.62936916685942, "conf": 0.8522908687591553}, "l_elbow": {"x": 737.84016945056, "y": 170.46559647231075, "conf": 0.5550143718719482}, "r_elbow": {"x": 668.2740998352374, "y": 171.1316011161135, "conf": 0.8270947337150574}, "l_wrist": {"x": 744.3009392251957, "y": 204.1759540602478, "conf": 0.9508393406867981}, "r_wrist": {"x": 670.2264260627917, "y": 182.82877736342581, "conf": 0.6765040159225464}, "l_hip": {"x": 718.658371443462, "y": 207.75336410567078, "conf": 0.751520574092865}, "r_hip": {"x": 690.0637365482721, "y": 205.77606986419502, "conf": 0.9892969727516174}, "l_knee": {"x": 709.9805826292724, "y": 262.5878327171705, "conf": 0.9485762715339661}, "r_knee": {"x": 699.4810075164544, "y": 261.4325587665826, "conf": 0.9180604219436646}, "l_ankle": {"x": 710.1895381761243, "y": 316.7866014625594, "conf": 0.8592891693115234}, "r_ankle": {"x": 709.2536933009279, "y": 315.1458557697765, "conf": 0.44407519698143005}, "neck": {"x": 701.2325321687265, "y": 143.25597165063112, "conf": 0.9231494665145874}}, {"nose": {"x": 443.76730890801997, "y": 121.08811456836456, "conf": 0.9089847803115845}, "l_eye": {"x": 447.8742341621745, "y": 116.96465554711416, "conf": 0.8881347179412842}, "r_eye": {"x": 439.8725853932339, "y": 116.87060503931772, "conf": 0.853717029094696}, "l_ear": {"x": 457.31596048083264, "y": 120.4413186932168, "conf": 0.5612799525260925}, "r_ear": {"x": 435.5307747955457, "y": 121.14829043338175, "conf": 0.30966687202453613}, "l_shoulder": {"x": 465.2800685771082, "y": 145.6615570187569, "conf": 0.9935430288314819}, "r_shoulder": {"x": 428.1418393441729, "y": 146.21487772534468, "conf": 0.7184849381446838}, "l_elbow": {"x": 476.0445065155748, "y": 175.15091704206858, "conf": 0.9112859964370728}, "r_elbow": {"x": 417.27172565965685, "y": 168.56924168547692, "conf": 0.716901957988739}, "l_wrist": {"x": 457.58851032234617, "y": 177.4008023222985, "conf": 0.24064932763576508}, "r_wrist": {"x": 427.47359941367966, "y": 177.46361494273472, "conf": 0.37163040041923523}, "l_hip": {"x": 466.9563566697641, "y": 196.85087311337568, "conf": 0.31975284218788147}, "r_hip": {"x": 436.7846978426822, "y": 200.2213404917578, "conf": 0.6014741063117981}, "l_knee": {"x": 464.5906338702944, "y": 229.24971340413683, "conf": 0.3201741874217987}, "r_knee": {"x": 440.244690071708, "y": 232.2405314194529, "conf": 0.23042410612106323}, "l_ankle": {"x": 471.1923706798306, "y": 276.3435986822809, "conf": 0.009726252406835556}, "r_ankle": {"x": 447.14480101430377, "y": 277.0247676546811, "conf": 0.020609108731150627}, "neck": {"x": 446.71095396064055, "y": 145.9382173720508, "conf": 0.8560139834880829}}, {"nose": {"x": 288.2781214160829, "y": 117.24890798434878, "conf": 0.8775520920753479}, "l_eye": {"x": 290.99505374513046, "y": 112.176999246865, "conf": 0.8027184009552002}, "r_eye": {"x": 285.26122223221654, "y": 112.12920707499076, "conf": 0.8309635519981384}, "l_ear": {"x": 298.0398631910272, "y": 115.9156468318917, "conf": 0.5578445792198181}, "r_ear": {"x": 277.08043636506244, "y": 116.03882116741606, "conf": 0.5762963891029358}, "l_shoulder": {"x": 303.1906119785826, "y": 140.59568093115826, "conf": 0.9865949153900146}, "r_shoulder": {"x": 267.8912794351297, "y": 137.19600530256307, "conf": 0.21664896607398987}, "l_elbow": {"x": 321.4365642750362, "y": 172.63130722826688, "conf": 0.9348502159118652}, "r_elbow": {"x": 248.5878640827498, "y": 167.3623098574187, "conf": 0.8987786173820496}, "l_wrist": {"x": 310.4523418929748, "y": 166.09342302077, "conf": 0.8762751817703247}, "r_wrist": {"x": 241.99153274051994, "y": 187.76721294581543, "conf": 0.7091043591499329}, "l_hip": {"x": 303.2183832218004, "y": 211.3508032047958, "conf": 0.9925011992454529}, "r_hip": {"x": 275.61990490229306, "y": 211.94563420613608, "conf": 0.8780921101570129}, "l_knee": {"x": 299.9344948183381, "y": 255.17987855833178, "conf": 0.18310639262199402}, "r_knee": {"x": 284.3084308929803, "y": 251.56737529185784, "conf": 0.9274995923042297}, "l_ankle": {"x": 301.62775891408484, "y": 306.6041237959388, "conf": 0.4987137019634247}, "r_ankle": {"x": 287.67593426474133, "y": 303.0968905443337, "conf": 0.5266788005828857}, "neck": {"x": 285.5409457068562, "y": 138.89584311686065, "conf": 0.6016219407320023}}, {"nose": {"x": 119.57166467313913, "y": 132.1517073006658, "conf": 0.8855152130126953}, "l_eye": {"x": 123.10939986517629, "y": 128.1476804073791, "conf": 0.8142164349555969}, "r_eye": {"x": 116.78561251632456, "y": 128.8972069293435, "conf": 0.91068035364151}, "l_ear": {"x": 130.587275191106, "y": 129.92460282504211, "conf": 0.516934871673584}, "r_ear": {"x": 106.06567345743888, "y": 130.9620688156775, "conf": 0.49411121010780334}, "l_shoulder": {"x": 140.69377421209472, "y": 147.05540535463925, "conf": 0.9814164638519287}, "r_shoulder": {"x": 103.41607285893848, "y": 153.95377212658263, "conf": 0.8631608486175537}, "l_elbow": {"x": 142.5435523121882, "y": 177.67225196905306, "conf": 0.4469539225101471}, "r_elbow": {"x": 113.87876342407245, "y": 182.9891193010654, "conf": 0.45051589608192444}, "l_wrist": {"x": 149.79035014679351, "y": 187.6767815093548, "conf": 0.2906433939933777}, "r_wrist": {"x": 134.70995114464642, "y": 189.99731441966276, "conf": 0.08567420393228531}, "l_hip": {"x": 137.970144813277, "y": 204.5100905379357, "conf": 0.8096527457237244}, "r_hip": {"x": 104.88257801294046, "y": 210.82775507475202, "conf": 0.9259882569313049}, "l_knee": {"x": 126.41189584181643, "y": 236.6698410441304, "conf": 0.7185369729995728}, "r_knee": {"x": 102.32089899734838, "y": 241.32320782385378, "conf": 0.3560478687286377}, "l_ankle": {"x": 120.19901587348102, "y": 266.1405665525916, "conf": 0.9082258343696594}, "r_ankle": {"x": 102.75279787600532, "y": 271.7532020312304, "conf": 0.8752793073654175}, "neck": {"x": 122.0549235355166,