{"poses": [{"nose": {"x": 138.59637230043424, "y": 2158.016770417675, "conf": 0.9977561831474304}, "l_eye": {"x": 172.81113630611216, "y": 2146.8148945239277, "conf": 0.9891083240509033}, "r_eye": {"x": 118.2685378957469, "y": 2145.25099550145, "conf": 0.9943904280662537}, "l_ear": {"x": 207.2741630420548, "y": 2196.753644109004, "conf": 0.6592313647270203}, "r_ear": {"x": 88.69951959700965, "y": 2179.3224581014247, "conf": 0.5580184459686279}, "l_shoulder": {"x": 234.1786206407656, "y": 2337.295876725188, "conf": 0.04781738296151161}, "r_shoulder": {"x": 38.5621331401292, "y": 2308.8637968792714, "conf": 0.038322340697050095}, "l_elbow": {"x": 317.8160797447633, "y": 2468.78926563978, "conf": 0.1540057212114334}, "r_elbow": {"x": -3.347985528098123, "y": 2452.645660565648, "conf": 0.002107838401570916}, "l_wrist": {"x": 399.53144030009406, "y": 2591.285217261851, "conf": 0.025889284908771515}, "r_wrist": {"x": 23.447549883551414, "y": 2505.1181120529536, "conf": 0.00042947285692207515}, "l_hip": {"x": 203.2364109368604, "y": 2629.730397229458, "conf": 0.016601428389549255}, "r_hip": {"x": 57.65365277930824, "y": 2611.179561450792, "conf": 0.0031182989478111267}, "l_knee": {"x": 220.87969911606717, "y": 2809.3051210174094, "conf": 0.0015156303998082876}, "r_knee": {"x": 64.89735507924831, "y": 2759.252820363213, "conf": 0.0010209486354142427}, "l_ankle": {"x": 259.10926967796365, "y": 3001.3556621565285, "conf": 0.00015069005894474685}, "r_ankle": {"x": 44.377928202843655, "y": 2882.761735950566, "conf": 0.0012397676473483443}, "neck": {"x": 136.3703768904474, "y": 2323.0798368022297, "conf": 0.04306986182928085}}, {"nose": {"x": 1188.6342195641296, "y": 1909.96640058929, "conf": 0.9935925602912903}, "l_eye": {"x": 1231.3900715734144, "y": 1901.7323993835407, "conf": 0.952521800994873}, "r_eye": {"x": 1174.441724421355, "y": 1898.9580077086844, "conf": 0.9775895476341248}, "l_ear": {"x": 1281.1228011096264, "y": 1956.2182046413025, "conf": 0.35112452507019043}, "r_ear": {"x": 1154.1470583801583, "y": 1936.619865374577, "conf": 0.1192493811249733}, "l_shoulder": {"x": 1309.8542703773062, "y": 2072.2305890024786, "conf": 0.5322074294090271}, "r_shoulder": {"x": 1148.9800800800122, "y": 2062.7247110667145, "conf": 0.58585125207901}, "l_elbow": {"x": 1326.1493603878255, "y": 2214.4446670926304, "conf": 0.002471743617206812}, "r_elbow": {"x": 1105.5610825045294, "y": 2134.1807001268025, "conf": 0.0017369318520650268}, "l_wrist": {"x": 1414.626798078248, "y": 2297.6138109897315, "conf": 0.0026507526636123657}, "r_wrist": {"x": 1088.7260772865902, "y": 2156.603982030799, "conf": 0.003828278975561261}, "l_hip": {"x": 1273.0592257224744, "y": 2302.107812404235, "conf": 0.005203645210713148}, "r_hip": {"x": 1183.2267900381778, "y": 2300.803035300694, "conf": 0.0030757002532482147}, "l_knee": {"x": 1302.74627811952, "y": 2467.843285602717, "conf": 0.000932033231947571}, "r_knee": {"x": 1167.5506479823675, "y": 2446.9186824813414, "conf": 0.0011659052688628435}, "l_ankle": {"x": 1329.973250912835, "y": 2583.7648148074545, "conf": 0.0007644267752766609}, "r_ankle": {"x": 1161.2106811733577, "y": 2589.6574407575927, "conf": 0.0009126959485001862}, "neck": {"x": 1229.4171752286593, "y": 2067.4776500345965, "conf": 0.5590293407440186}}, {"nose": {"x": 541.145788660126, "y": 2300.9721587016097, "conf": 0.9316356778144836}, "l_eye": {"x": 545.1789038324215, "y": 2293.25607467181, "conf": 0.875590980052948}, "r_eye": {"x": 535.7302913408131, "y": 2294.023877254826, "conf": 0.8405225276947021}, "l_ear": {"x": 553.7970575153098, "y": 2293.3499778783575, "conf": 0.4359029233455658}, "r_ear": {"x": 527.4385431010093, "y": 2292.05948856929, "conf": 0.6808487176895142}, "l_shoulder": {"x": 558.3467639353065, "y": 2324.594020764055, "conf": 0.9658640027046204}, "r_shoulder": {"x": 513.2797732641044, "y": 2324.0550326427065, "conf": 0.9880245327949524}, "l_elbow": {"x": 564.4366066100579, "y": 2358.4143986870135, "conf": 0.8141133189201355}, "r_elbow": {"x": 513.0431455013972, "y": 2358.6744034631292, "conf": 0.21192531287670135}, "l_wrist": {"x": 557.2219767023008, "y": 2367.2037038297262, "conf": 0.6123754382133484}, "r_wrist": {"x": 539.3484633318127, "y": 2357.4510570633115, "conf": 0.39999112486839294}, "l_hip": {"x": 551.8642499306978, "y": 2395.785396743304, "conf": 0.5961440205574036}, "r_hip": {"x": 521.783886018208, "y": 2398.6112444641126, "conf": 0.34290218353271484}, "l_knee": {"x": 561.284857165114, "y": 2418.3709925593553, "conf": 0.07562228292226791}, "r_knee": {"x": 510.166570791065, "y": 2434.4380021459424, "conf": 0.1015949472784996}, "l_ankle": {"x": 584.9974313593455, "y": 2478.4149897691113, "conf": 0.005651956889778376}, "r_ankle": {"x": 526.8519155739631, "y": 2551.0043307629867, "conf": 0.02283848263323307}, "neck": {"x": 535.8132685997055, "y": 2324.324526703381, "conf": 0.9769442677497864}}, {"nose": {"x": 2123.5931572565905, "y": 2228.9982101580263, "conf": 0.9178133010864258}, "l_eye": {"x": 2128.5224829962003, "y": 2221.508612840648, "conf": 0.9305155873298645}, "r_eye": {"x": 2117.553058719273, "y": 2220.7065518714758, "conf": 0.8860819935798645}, "l_ear": {"x": 2135.2991358023146, "y": 2220.7742403693014, "conf": 0.6268543004989624}, "r_ear": {"x": 2103.6575252529738, "y": 2222.3891289821436, "conf": 0.7446889281272888}, "l_shoulder": {"x": 2148.044251237252, "y": 2253.8268025998636, "conf": 0.9829574227333069}, "r_shoulder": {"x": 2093.146012321511, "y": 2256.2176497967102, "conf": 0.9640147686004639}, "l_elbow": {"x": 2168.888470451255, "y": 2298.7751471602364, "conf": 0.862799882888794}, "r_elbow": {"x": 2084.0049738227794, "y": 2289.643436205185, "conf": 0.8544259667396545}, "l_wrist": {"x": 2132.922126718491, "y": 2314.096302603457, "conf": 0.27494969964027405}, "r_wrist": {"x": 2114.438490962217, "y": 2305.515802240941, "conf": 0.1821879893541336}, "l_hip": {"x": 2138.6541061272546, "y": 2336.929167075079, "conf": 0.6346203684806824}, "r_hip": {"x": 2109.3176500311174, "y": 2336.3200578316155, "conf": 0.7435872554779053}, "l_knee": {"x": 2142.4156200598945, "y": 2380.9145716354933, "conf": 0.013373582623898983}, "r_knee": {"x": 2105.2158819909537, "y": 2383.454944305505, "conf": 0.019181348383426666}, "l_ankle": {"x": 2142.599475683669, "y": 2430.8630337817112, "conf": 0.0004506526456680149}, "r_ankle": {"x": 2108.6946361585224, "y": 2477.4426694116273, "conf": 0.0009965592762455344}, "neck": {"x": 2120.5951317793815, "y": 2255.022226198287, "conf": 0.9734860956668854}}, {"nose": {"x": 2254.2965092463755, "y": 2463.070651697669, "conf": 0.7108919024467468}, "l_eye": {"x": 2259.9252334462285, "y": 2459.9287918162854, "conf": 0.9328091144561768}, "r_eye": {"x": 2245.612993783818, "y": 2458.2607752347913, "conf": 0.9560946226119995}, "l_ear": {"x": 2267.138000995915, "y": 2461.5755037478825, "conf": 0.5072610974311829}, "r_ear": {"x": 2234.407209124229, "y": 2458.621901003926, "conf": 0.7183448076248169}, "l_shoulder": {"x": 2280.6455653002618, "y": 2485.588009852034, "conf": 0.9417752623558044}, "r_shoulder": {"x": 2219.466264043593, "y": 2490.631963120206, "conf": 0.9750884771347046}, "l_elbow": {"x": 2299.8370650409393, "y": 2529.501849351675, "conf": 0.8514798283576965}, "r_elbow": {"x": 2196.197662250862, "y": 2547.8217726911116, "conf": 0.5159162282943726}, "l_wrist": {"x": 2293.4841256485856, "y": 2561.8653634825337, "conf": 0.131486713886261}, "r_wrist": {"x": 2194.979698200073, "y": 2599.5027288931074, "conf": 0.07138573378324509}, "l_hip": {"x": 2273.5455808482525, "y": 2590.365998475494, "conf": 0.23335006833076477}, "r_hip": {"x": 2233.291254973502, "y": 2576.6322121359317, "conf": 0.8375664353370667}, "l_knee": {"x": 2278.2199469534544, "y": 2645.522054054114, "conf": 0.0859718844294548}, "r_knee": {"x": 2234.5174546159237, "y": 2650.5113493101826, "conf": 0.16827067732810974}, "l_ankle": {"x": 2289.2805937409353, "y": 2722.3180054757568, "conf": 0.010083125904202461}, "r_ankle": {"x": 2247.198075646336, "y": 2717.647258270717,