{"poses": [{"nose": {"x": 792.3422229776374, "y": 417.214322359268, "conf": 0.9735942482948303}, "l_eye": {"x": 828.1154515046462, "y": 398.0252958052126, "conf": 0.7198340892791748}, "r_eye": {"x": 783.8882348618837, "y": 393.5892837634152, "conf": 0.9992762207984924}, "l_ear": {"x": 877.5288473060982, "y": 420.14827512623515, "conf": 0.889742910861969}, "r_ear": {"x": 764.2095885010782, "y": 404.808961897027, "conf": 0.1341598629951477}, "l_shoulder": {"x": 896.4841634605846, "y": 548.328884983716, "conf": 0.26647400856018066}, "r_shoulder": {"x": 730.7960497548836, "y": 546.5160493040738, "conf": 0.08395617455244064}, "l_elbow": {"x": 918.1335893896199, "y": 746.6208369461477, "conf": 0.5333924889564514}, "r_elbow": {"x": 638.1857913697788, "y": 670.652768646397, "conf": 0.0029458797071129084}, "l_wrist": {"x": 759.0118068342503, "y": 734.6772407510836, "conf": 0.012087088078260422}, "r_wrist": {"x": 625.3046142965629, "y": 739.3406441158792, "conf": 0.0032355787698179483}, "l_hip": {"x": 852.3144057350889, "y": 849.7091624181564, "conf": 0.010845741257071495}, "r_hip": {"x": 747.7264072376921, "y": 877.4154490206993, "conf": 0.028535326942801476}, "l_knee": {"x": 866.9590005072627, "y": 1109.8093194779958, "conf": 0.011788969859480858}, "r_knee": {"x": 773.6412705827216, "y": 1040.7496466958032, "conf": 0.0029209849890321493}, "l_ankle": {"x": 859.6166605953372, "y": 1256.6423640980133, "conf": 0.0006007181364111602}, "r_ankle": {"x": 778.4018645973428, "y": 1137.3121594076288, "conf": 0.001237070420756936}, "neck": {"x": 813.6401066077341, "y": 547.4224671438949, "conf": 0.17521509155631065}}, {"nose": {"x": 1039.3024063825012, "y": 102.73614008968823, "conf": 0.9969145059585571}, "l_eye": {"x": 1054.0859500335516, "y": 90.41871761322022, "conf": 0.9986341595649719}, "r_eye": {"x": 1024.2459452023215, "y": 89.77940430863264, "conf": 0.9978495836257935}, "l_ear": {"x": 1079.029346723342, "y": 104.65848846749084, "conf": 0.8227748274803162}, "r_ear": {"x": 999.15121016554, "y": 106.42340139519679, "conf": 0.46522077918052673}, "l_shoulder": {"x": 1083.8804595972676, "y": 188.5661130505392, "conf": 0.054111678153276443}, "r_shoulder": {"x": 981.6969186241283, "y": 193.95478855622957, "conf": 0.02581268548965454}, "l_elbow": {"x": 1086.084038768581, "y": 280.5157858075181, "conf": 0.010723330080509186}, "r_elbow": {"x": 945.3032202168765, "y": 280.8750161304213, "conf": 0.0033015653025358915}, "l_wrist": {"x": 1057.3403114680941, "y": 324.3856379528568, "conf": 0.004727552644908428}, "r_wrist": {"x": 954.561603396858, "y": 308.99329890577764, "conf": 0.009002331644296646}, "l_hip": {"x": 1054.1149065159043, "y": 356.2827753410601, "conf": 0.020490795373916626}, "r_hip": {"x": 992.8120144598688, "y": 348.68303230677566, "conf": 0.00818478874862194}, "l_knee": {"x": 1034.0803840376752, "y": 449.1865778839752, "conf": 0.0007818223093636334}, "r_knee": {"x": 973.4670686682098, "y": 451.4487597610526, "conf": 0.001352837192825973}, "l_ankle": {"x": 1011.4881040650938, "y": 558.8166584482585, "conf": 0.0023327444214373827}, "r_ankle": {"x": 958.0448670351535, "y": 573.3515629477043, "conf": 0.0013083359226584435}, "neck": {"x": 1032.788689110698, "y": 191.2604508033844, "conf": 0.03996218182146549}}, {"nose": {"x": 706.3249567366956, "y": 388.5571778515594, "conf": 0.9852389097213745}, "l_eye": {"x": 724.9489197425302, "y": 373.480047567446, "conf": 0.9985507130622864}, "r_eye": {"x": 690.2316221289591, "y": 375.0048451980173, "conf": 0.9875955581665039}, "l_ear": {"x": 756.9906501547681, "y": 392.0838647372102, "conf": 0.721502423286438}, "r_ear": {"x": 675.5611878648388, "y": 388.9990132329236, "conf": 0.8601412773132324}, "l_shoulder": {"x": 784.7644175419105, "y": 482.2840525180346, "conf": 0.015454626642167568}, "r_shoulder": {"x": 669.110174758746, "y": 478.8363287499833, "conf": 0.26837313175201416}, "l_elbow": {"x": 799.0347695489609, "y": 579.0846474963018, "conf": 0.019429275766015053}, "r_elbow": {"x": 652.3204707384705, "y": 579.3462831467145, "conf": 0.015566471964120865}, "l_wrist": {"x": 816.7711018523407, "y": 623.6255303516127, "conf": 0.003923072945326567}, "r_wrist": {"x": 652.7058781632575, "y": 615.8756221293097, "conf": 0.0010311631485819817}, "l_hip": {"x": 736.9774975645652, "y": 699.5510360660292, "conf": 0.0012704790569841862}, "r_hip": {"x": 678.0913402992521, "y": 711.2846627339925, "conf": 0.002708514453843236}, "l_knee": {"x": 788.373659691346, "y": 789.9349198840416, "conf": 0.001694584614597261}, "r_knee": {"x": 694.1590409989559, "y": 827.10845541131, "conf": 0.005461188033223152}, "l_ankle": {"x": 842.5877052580288, "y": 888.689781594995, "conf": 0.0004869133117608726}, "r_ankle": {"x": 712.7378460568849, "y": 1017.892419648889, "conf": 0.01962338574230671}, "neck": {"x": 726.9372961503282, "y": 480.56019063400896, "conf": 0.14191387919709086}}, {"nose": {"x": 656.3415831074329, "y": 341.03672322835007, "conf": 0.9566060900688171}, "l_eye": {"x": 666.8834689455564, "y": 330.3301826628594, "conf": 0.9571740031242371}, "r_eye": {"x": 638.9241231271965, "y": 327.15775206239255, "conf": 0.9974109530448914}, "l_ear": {"x": 670.8642510152876, "y": 352.50831222743204, "conf": 0.4498923420906067}, "r_ear": {"x": 600.5588032820143, "y": 338.9878440475464, "conf": 0.9528606534004211}, "l_shoulder": {"x": 653.9978583587596, "y": 435.2970024504727, "conf": 0.4527766704559326}, "r_shoulder": {"x": 560.9181704271048, "y": 414.29682809699074, "conf": 0.20707160234451294}, "l_elbow": {"x": 654.278906695948, "y": 519.7102281591337, "conf": 0.06158294528722763}, "r_elbow": {"x": 573.3180282713472, "y": 527.6110284284043, "conf": 0.05411966145038605}, "l_wrist": {"x": 674.0198521292477, "y": 484.95761535422446, "conf": 0.06107834354043007}, "r_wrist": {"x": 604.0195407121008, "y": 563.4539924983455, "conf": 0.00796312466263771}, "l_hip": {"x": 624.2719408078158, "y": 607.104096928296, "conf": 0.013872379437088966}, "r_hip": {"x": 603.8148606051811, "y": 603.9056501775245, "conf": 0.006219583097845316}, "l_knee": {"x": 621.338615211023, "y": 709.2195776092843, "conf": 0.0006841608555987477}, "r_knee": {"x": 591.4024588071138, "y": 710.7435561496264, "conf": 0.00033015053486451507}, "l_ankle": {"x": 602.2454961352702, "y": 852.0455324728196, "conf": 0.002397312317043543}, "r_ankle": {"x": 587.5195747013394, "y": 841.1033374023438, "conf": 0.0032402263022959232}, "neck": {"x": 607.4580143929322, "y": 424.7969152737317, "conf": 0.3299241364002228}}, {"nose": {"x": -1.9719875821662287, "y": 1225.0929286005726, "conf": 0.963528037071228}, "l_eye": {"x": 14.691103427832966, "y": 1208.1917376599247, "conf": 0.997323215007782}, "r_eye": {"x": -11.542488117202137, "y": 1209.3708586648393, "conf": 0.7428558468818665}, "l_ear": {"x": 41.01748311648659, "y": 1223.9685719492666, "conf": 0.8966066837310791}, "r_ear": {"x": -12.095819960823663, "y": 1224.903074572315, "conf": 0.024023471400141716}, "l_shoulder": {"x": 82.7441549817291, "y": 1335.2990349061522, "conf": 0.5227746963500977}, "r_shoulder": {"x": -22.88507148685503, "y": 1330.4893686205721, "conf": 0.013743975199759007}, "l_elbow": {"x": 98.03673381313098, "y": 1525.681889129273, "conf": 0.4732618033885956}, "r_elbow": {"x": -0.02041998552740067, "y": 1482.6507502542784, "conf": 0.02949187345802784}, "l_wrist": {"x": 68.47398711878691, "y": 1662.9310177507793, "conf": 0.01726335473358631}, "r_wrist": {"x": 16.40511535784287, "y": 1529.861290333369, "conf": 0.0019266988383606076}, "l_hip": {"x": 45.80624284196357, "y": 1613.5945643451116, "conf": 0.014429883100092411}, "r_hip": {"x": -5.403716240596215, "y": 1576.8241182207082, "conf": 0.0029118915554136038}, "l_knee": {"x": 12.307928245728657, "y": 1720.7379388835334, "conf": 0.005826259031891823}, "r_knee": {"x": -1.1584323609897635, "y": 1621.0160489257396, "conf": 0.017775585874915123}, "l_ankle": {"x": 15.476441482620176, "y": 1827.0302614700631, "conf": 0.00047474520397372544}, "r_ankle": {"x": -6.745926208241992,