{"poses": [{"nose": {"x": 470.47222900390625, "y": 222.3854217529297, "conf": 0.9568871855735779}, "l_eye": {"x": 477.8611145019531, "y": 219.1875, "conf": 0.9803323745727539}, "r_eye": {"x": 459.3888854980469, "y": 219.1875, "conf": 0.963894248008728}, "l_ear": {"x": 488.9444580078125, "y": 228.78125, "conf": 0.9336322546005249}, "r_ear": {"x": 444.6111145019531, "y": 231.9791717529297, "conf": 0.9336523413658142}, "l_shoulder": {"x": 503.72222900390625, "y": 283.1458435058594, "conf": 0.8704919815063477}, "r_shoulder": {"x": 418.75, "y": 286.34375, "conf": 0.8535985350608826}, "l_elbow": {"x": 551.75, "y": 299.1354064941406, "conf": 0.935889720916748}, "r_elbow": {"x": 363.3333435058594, "y": 308.7291564941406, "conf": 0.9125010371208191}, "l_wrist": {"x": 559.138916015625, "y": 247.96875, "conf": 0.8960490226745605}, "r_wrist": {"x": 333.77777099609375, "y": 254.3645782470703, "conf": 0.7967478036880493}, "l_hip": {"x": 492.6388854980469, "y": 401.46875, "conf": 0.7429644465446472}, "r_hip": {"x": 433.52777099609375, "y": 401.46875, "conf": 0.7482725381851196}, "l_knee": {"x": 529.5833129882812, "y": 491.0104064941406, "conf": 0.8613513708114624}, "r_knee": {"x": 374.4166564941406, "y": 491.0104064941406, "conf": 0.8737135529518127}, "l_ankle": {"x": 544.361083984375, "y": 481.4166564941406, "conf": 0.7092605233192444}, "r_ankle": {"x": 348.5555419921875, "y": 484.6145935058594, "conf": 0.7236406207084656}, "neck": {"x": 461.2361145019531, "y": 284.7447967529297, "conf": 0.8620452582836151}}, {"nose": {"x": 696.7222290039062, "y": 123.61458587646484, "conf": 0.7446289658546448}, "l_eye": {"x": 701.5555419921875, "y": 118.59375, "conf": 0.7860515713691711}, "r_eye": {"x": 693.5, "y": 118.59375, "conf": 0.7984115481376648}, "l_ear": {"x": 708.0, "y": 118.59375, "conf": 0.9075950980186462}, "r_ear": {"x": 688.6666870117188, "y": 118.59375, "conf": 0.9232413172721863}, "l_shoulder": {"x": 717.6666870117188, "y": 138.6770782470703, "conf": 0.80478835105896}, "r_shoulder": {"x": 680.611083984375, "y": 146.2083282470703, "conf": 0.8385834097862244}, "l_elbow": {"x": 751.5, "y": 163.78125, "conf": 0.8439358472824097}, "r_elbow": {"x": 667.7222290039062, "y": 178.84375, "conf": 0.7458862066268921}, "l_wrist": {"x": 746.6666870117188, "y": 201.4375, "conf": 0.8803409337997437}, "r_wrist": {"x": 661.2777709960938, "y": 213.9895782470703, "conf": 0.6356130838394165}, "l_hip": {"x": 717.6666870117188, "y": 206.4583282470703, "conf": 0.75067138671875}, "r_hip": {"x": 691.888916015625, "y": 208.96875, "conf": 0.6986263990402222}, "l_knee": {"x": 716.0555419921875, "y": 264.1979064941406, "conf": 0.7483189702033997}, "r_knee": {"x": 696.7222290039062, "y": 251.6458282470703, "conf": 0.8237504363059998}, "l_ankle": {"x": 725.7222290039062, "y": 251.6458282470703, "conf": 0.5154518485069275}, "r_ankle": {"x": 711.2222290039062, "y": 316.9166564941406, "conf": 0.7917603254318237}, "neck": {"x": 699.1388854980469, "y": 142.4427032470703, "conf": 0.8216858804225922}}, {"nose": {"x": 282.77777099609375, "y": 111.625, "conf": 0.8862447142601013}, "l_eye": {"x": 285.6666564941406, "y": 106.875, "conf": 0.8879565000534058}, "r_eye": {"x": 277.0, "y": 109.25, "conf": 0.9283324480056763}, "l_ear": {"x": 294.3333435058594, "y": 111.625, "conf": 0.8901171684265137}, "r_ear": {"x": 272.6666564941406, "y": 116.375, "conf": 0.9136161804199219}, "l_shoulder": {"x": 307.3333435058594, "y": 140.125, "conf": 0.7736409306526184}, "r_shoulder": {"x": 265.4444580078125, "y": 144.875, "conf": 0.8012490272521973}, "l_elbow": {"x": 327.5555419921875, "y": 173.375, "conf": 0.8271483182907104}, "r_elbow": {"x": 249.55555725097656, "y": 161.5, "conf": 0.7809674143791199}, "l_wrist": {"x": 304.4444580078125, "y": 161.5, "conf": 0.8762469291687012}, "r_wrist": {"x": 243.77777099609375, "y": 187.625, "conf": 0.7367607951164246}, "l_hip": {"x": 301.5555419921875, "y": 206.625, "conf": 0.7806448340415955}, "r_hip": {"x": 277.0, "y": 209.0, "conf": 0.7791817784309387}, "l_knee": {"x": 303.0, "y": 249.375, "conf": 0.5651049017906189}, "r_knee": {"x": 281.3333435058594, "y": 237.5, "conf": 0.6866026520729065}, "r_ankle": {"x": 282.77777099609375, "y": 289.75, "conf": 0.7089308500289917}, "neck": {"x": 286.38890075683594, "y": 142.5, "conf": 0.7874449789524078}}, {"nose": {"x": 441.8611145019531, "y": 119.9375, "conf": 0.8911891579627991}, "l_eye": {"x": 445.8194580078125, "y": 114.35416412353516, "conf": 0.9256391525268555}, "r_eye": {"x": 437.90277099609375, "y": 114.35416412353516, "conf": 0.9039508104324341}, "l_ear": {"x": 455.0555419921875, "y": 119.9375, "conf": 0.8573384881019592}, "r_ear": {"x": 433.9444580078125, "y": 119.9375, "conf": 0.8879753351211548}, "l_shoulder": {"x": 466.9305419921875, "y": 145.0625, "conf": 0.6882826685905457}, "r_shoulder": {"x": 426.02777099609375, "y": 149.25, "conf": 0.7334945797920227}, "l_elbow": {"x": 480.125, "y": 178.5625, "conf": 0.7664860486984253}, "r_elbow": {"x": 407.5555419921875, "y": 178.5625, "conf": 0.5881550908088684}, "l_wrist": {"x": 476.1666564941406, "y": 207.875, "conf": 0.5224302411079407}, "l_hip": {"x": 460.3333435058594, "y": 212.0625, "conf": 0.5502884984016418}, "r_hip": {"x": 429.9861145019531, "y": 213.4583282470703, "conf": 0.5627642869949341}, "neck": {"x": 446.4791564941406, "y": 147.15625, "conf": 0.7108886241912842}}], "compute_time": "12.89", "metadata": {"width": 850, "height": 519, "pose_model_name": "HRNet", "compute_time": "12.89"}}