{"poses": [{"nose": {"x": 1196.0, "y": 1910.9166259765625, "conf": 0.9267149567604065}, "l_eye": {"x": 1230.77783203125, "y": 1873.75, "conf": 0.8917782306671143}, "r_eye": {"x": 1169.9166259765625, "y": 1855.1666259765625, "conf": 0.8299493789672852}, "l_ear": {"x": 1282.9444580078125, "y": 1948.0833740234375, "conf": 0.9310036301612854}, "r_ear": {"x": 1135.138916015625, "y": 1929.5, "conf": 0.8641374111175537}, "l_shoulder": {"x": 1335.111083984375, "y": 2171.083251953125, "conf": 0.7908684611320496}, "r_shoulder": {"x": 1065.5833740234375, "y": 2171.083251953125, "conf": 0.7206012606620789}, "r_elbow": {"x": 952.5555419921875, "y": 2412.666748046875, "conf": 0.8753448128700256}, "r_wrist": {"x": 883.0, "y": 2635.666748046875, "conf": 0.6678172945976257}, "l_hip": {"x": 1300.3333740234375, "y": 2747.166748046875, "conf": 0.6325132846832275}, "r_hip": {"x": 1143.8333740234375, "y": 2747.166748046875, "conf": 0.6269020438194275}, "l_knee": {"x": 1439.4444580078125, "y": 3025.916748046875, "conf": 0.6596495509147644}, "r_knee": {"x": 1152.52783203125, "y": 3137.416748046875, "conf": 0.895713210105896}, "l_ankle": {"x": 1482.9166259765625, "y": 3453.333251953125, "conf": 0.7692302465438843}, "r_ankle": {"x": 1135.138916015625, "y": 3583.416748046875, "conf": 0.8011026382446289}, "neck": {"x": 1200.3472290039062, "y": 2171.083251953125, "conf": 0.7557348608970642}}, {"nose": {"x": 1092.4166259765625, "y": 801.8333129882812, "conf": 0.9134549498558044}, "l_eye": {"x": 1116.625, "y": 771.96875, "conf": 0.9748021364212036}, "r_eye": {"x": 1092.4166259765625, "y": 771.96875, "conf": 0.929524302482605}, "l_ear": {"x": 1237.6666259765625, "y": 831.6979370117188, "conf": 0.9778130054473877}, "r_ear": {"x": 1189.25, "y": 801.8333129882812, "conf": 0.5206833481788635}, "l_shoulder": {"x": 1358.7083740234375, "y": 1040.75, "conf": 0.8692477941513062}, "r_shoulder": {"x": 1116.625, "y": 921.2916870117188, "conf": 0.7924377918243408}, "l_elbow": {"x": 1503.9583740234375, "y": 1428.9896240234375, "conf": 1.0036571025848389}, "r_elbow": {"x": 971.375, "y": 562.9166870117188, "conf": 0.9316715002059937}, "l_wrist": {"x": 1358.7083740234375, "y": 1697.7708740234375, "conf": 0.9422619938850403}, "r_wrist": {"x": 874.5416870117188, "y": 324.0, "conf": 0.5053486824035645}, "l_hip": {"x": 1552.375, "y": 1518.5833740234375, "conf": 0.8765648603439331}, "r_hip": {"x": 1431.3333740234375, "y": 1518.5833740234375, "conf": 0.7963783144950867}, "l_knee": {"x": 1552.375, "y": 1966.5521240234375, "conf": 0.9218332171440125}, "l_ankle": {"x": 1503.9583740234375, "y": 2474.25, "conf": 0.9330703020095825}, "neck": {"x": 1237.6666870117188, "y": 981.0208435058594, "conf": 0.8308427929878235}}, {"nose": {"x": 2252.25, "y": 2455.09375, "conf": 0.8483023047447205}, "l_eye": {"x": 2257.5, "y": 2447.0625, "conf": 0.8803083896636963}, "r_eye": {"x": 2248.75, "y": 2447.0625, "conf": 0.8792185187339783}, "l_ear": {"x": 2266.25, "y": 2452.416748046875, "conf": 0.7785555720329285}, "r_ear": {"x": 2238.25, "y": 2455.09375, "conf": 0.7943511009216309}, "l_shoulder": {"x": 2282.0, "y": 2489.895751953125, "conf": 0.7549099922180176}, "r_shoulder": {"x": 2220.75, "y": 2492.572998046875, "conf": 0.7251036763191223}, "l_elbow": {"x": 2304.75, "y": 2535.40625, "conf": 0.7590289115905762}, "r_elbow": {"x": 2199.75, "y": 2543.4375, "conf": 0.6589286923408508}, "l_wrist": {"x": 2304.75, "y": 2575.5625, "conf": 0.7776371240615845}, "r_wrist": {"x": 2199.75, "y": 2586.270751953125, "conf": 0.7516778111457825}, "l_hip": {"x": 2271.5, "y": 2586.270751953125, "conf": 0.7582786679267883}, "r_hip": {"x": 2231.25, "y": 2588.947998046875, "conf": 0.7691031694412231}, "l_knee": {"x": 2282.0, "y": 2655.875, "conf": 0.6318681836128235}, "r_knee": {"x": 2245.25, "y": 2655.875, "conf": 0.6470564007759094}, "neck": {"x": 2251.375, "y": 2491.234375, "conf": 0.74000683426857}}], "compute_time": "19.79", "metadata": {"width": 2370, "height": 3600, "pose_model_name": "HRNet", "compute_time": "19.79"}}