{"poses": [{"nose": {"x": 618.0416870117188, "y": 617.5625, "conf": 0.9305446743965149}, "l_eye": {"x": 624.611083984375, "y": 590.2708129882812, "conf": 0.9282107949256897}, "r_eye": {"x": 604.9027709960938, "y": 590.2708129882812, "conf": 0.964053750038147}, "r_ear": {"x": 539.2083129882812, "y": 562.9791870117188, "conf": 0.9344585537910461}, "l_shoulder": {"x": 657.4583129882812, "y": 685.7916870117188, "conf": 0.7568340301513672}, "r_shoulder": {"x": 427.52777099609375, "y": 631.2083129882812, "conf": 0.7295143604278564}, "l_elbow": {"x": 710.013916015625, "y": 835.8958129882812, "conf": 0.736833393573761}, "r_elbow": {"x": 322.4166564941406, "y": 835.8958129882812, "conf": 0.8180915713310242}, "l_wrist": {"x": 710.013916015625, "y": 1040.5833740234375, "conf": 0.9259669184684753}, "l_hip": {"x": 585.1944580078125, "y": 1040.5833740234375, "conf": 0.6452696919441223}, "r_hip": {"x": 466.9444580078125, "y": 999.6458129882812, "conf": 0.6937090158462524}, "l_knee": {"x": 565.486083984375, "y": 1272.5625, "conf": 0.7643952369689941}, "r_knee": {"x": 394.6805419921875, "y": 931.4166870117188, "conf": 0.5622537136077881}, "r_ankle": {"x": 368.40277099609375, "y": 1136.1041259765625, "conf": 0.8309468626976013}, "neck": {"x": 542.4930419921875, "y": 658.5, "conf": 0.7431741952896118}}], "compute_time": "23.09", "metadata": {"width": 1200, "height": 1829, "pose_model_name": "HRNet", "compute_time": "23.09"}}