{"poses": [{"nose": {"x": 1933.0, "y": 507.3125, "conf": 0.9470326900482178}, "l_eye": {"x": 1997.0, "y": 447.2291564941406, "conf": 0.9533601999282837}, "r_eye": {"x": 1853.0, "y": 477.2708435058594, "conf": 0.9489246010780334}, "l_ear": {"x": 2141.0, "y": 522.3333129882812, "conf": 0.9368553161621094}, "r_ear": {"x": 1821.0, "y": 597.4375, "conf": 0.9021081924438477}, "l_shoulder": {"x": 2429.0, "y": 987.9791870117188, "conf": 0.6924675703048706}, "r_shoulder": {"x": 1677.0, "y": 1018.0208129882812, "conf": 0.7609185576438904}, "r_elbow": {"x": 1565.0, "y": 1663.9166259765625, "conf": 0.7894663214683533}, "neck": {"x": 2053.0, "y": 1003.0, "conf": 0.7266930639743805}}, {"nose": {"x": 1285.9305419921875, "y": 345.8854064941406, "conf": 0.951018214225769}, "l_eye": {"x": 1335.638916015625, "y": 273.6770935058594, "conf": 0.945135235786438}, "r_eye": {"x": 1203.0833740234375, "y": 291.7291564941406, "conf": 0.9689196348190308}, "l_ear": {"x": 1418.486083984375, "y": 309.78125, "conf": 0.9432333707809448}, "r_ear": {"x": 1087.09716796875, "y": 327.8333435058594, "conf": 0.9644014239311218}, "l_shoulder": {"x": 1584.1805419921875, "y": 580.5625, "conf": 0.7580060362815857}, "r_shoulder": {"x": 987.6805419921875, "y": 580.5625, "conf": 0.746527373790741}, "l_elbow": {"x": 1865.861083984375, "y": 743.03125, "conf": 0.58430016040802}, "l_wrist": {"x": 1667.02783203125, "y": 833.2916870117188, "conf": 0.8409276008605957}, "r_wrist": {"x": 921.4027709960938, "y": 887.4479370117188, "conf": 0.6060788631439209}, "neck": {"x": 1285.9305419921875, "y": 580.5625, "conf": 0.7522667050361633}}], "compute_time": "4.69", "metadata": {"width": 2606, "height": 1791, "pose_model_name": "HRNet", "compute_time": "4.69"}}