{"poses": [{"nose": {"x": 109.61111450195312, "y": 59.45833206176758, "conf": 0.9623897075653076}, "l_eye": {"x": 116.08333587646484, "y": 50.14583206176758, "conf": 0.970665693283081}, "r_eye": {"x": 103.13888549804688, "y": 53.25, "conf": 0.9657912254333496}, "l_ear": {"x": 129.02777099609375, "y": 53.25, "conf": 0.9324496984481812}, "r_ear": {"x": 96.66666412353516, "y": 59.45833206176758, "conf": 0.9327190518379211}, "l_shoulder": {"x": 158.15277099609375, "y": 71.875, "conf": 0.8151754140853882}, "r_shoulder": {"x": 96.66666412353516, "y": 90.5, "conf": 0.8549727201461792}, "l_elbow": {"x": 203.4583282470703, "y": 78.08333587646484, "conf": 0.9168130159378052}, "r_elbow": {"x": 70.77777862548828, "y": 118.4375, "conf": 0.901440441608429}, "l_wrist": {"x": 209.93055725097656, "y": 99.8125, "conf": 0.9126017093658447}, "r_wrist": {"x": 48.125, "y": 161.8958282470703, "conf": 0.9239020943641663}, "l_hip": {"x": 184.0416717529297, "y": 149.4791717529297, "conf": 0.7932308316230774}, "r_hip": {"x": 138.73611450195312, "y": 155.6875, "conf": 0.8073491454124451}, "l_knee": {"x": 209.93055725097656, "y": 239.5, "conf": 0.9030933380126953}, "r_knee": {"x": 93.43055725097656, "y": 223.9791717529297, "conf": 0.8607572317123413}, "l_ankle": {"x": 245.52777099609375, "y": 289.1666564941406, "conf": 0.639884889125824}, "r_ankle": {"x": 61.06944274902344, "y": 301.5833435058594, "conf": 0.786190927028656}, "neck": {"x": 127.40971755981445, "y": 81.1875, "conf": 0.8350740671157837}}, {"nose": {"x": 318.9166564941406, "y": 94.66666412353516, "conf": 0.6110184192657471}, "l_ear": {"x": 340.1666564941406, "y": 82.79166412353516, "conf": 0.5333850383758545}, "r_ear": {"x": 297.6666564941406, "y": 142.1666717529297, "conf": 0.6001143455505371}, "l_shoulder": {"x": 351.97222900390625, "y": 177.7916717529297, "conf": 0.5909972786903381}, "r_shoulder": {"x": 283.5, "y": 173.8333282470703, "conf": 0.5349123477935791}, "l_elbow": {"x": 375.5833435058594, "y": 209.4583282470703, "conf": 0.7965154051780701}, "r_elbow": {"x": 248.0833282470703, "y": 217.375, "conf": 0.8434908390045166}, "l_wrist": {"x": 373.22222900390625, "y": 256.9583435058594, "conf": 0.8127390742301941}, "r_wrist": {"x": 241.0, "y": 268.8333435058594, "conf": 0.7969503402709961}, "l_hip": {"x": 342.52777099609375, "y": 280.7083435058594, "conf": 0.7871523499488831}, "r_hip": {"x": 300.02777099609375, "y": 284.6666564941406, "conf": 0.7538542747497559}, "l_knee": {"x": 373.22222900390625, "y": 348.0, "conf": 0.8197523951530457}, "r_knee": {"x": 271.6944580078125, "y": 363.8333435058594, "conf": 0.8027536869049072}, "neck": {"x": 317.7361145019531, "y": 175.8125, "conf": 0.5629548132419586}}, {"nose": {"x": 379.6111145019531, "y": 317.7708435058594, "conf": 0.9029022455215454}, "l_eye": {"x": 379.6111145019531, "y": 309.4166564941406, "conf": 0.9308099150657654}, "r_eye": {"x": 379.6111145019531, "y": 313.59375, "conf": 0.8142504692077637}, "l_ear": {"x": 388.6944580078125, "y": 309.4166564941406, "conf": 0.7809543013572693}, "r_ear": {"x": 418.97222900390625, "y": 301.0625, "conf": 0.7147900462150574}, "l_shoulder": {"x": 394.75, "y": 338.65625, "conf": 0.8723485469818115}, "r_shoulder": {"x": 446.22222900390625, "y": 334.4791564941406, "conf": 0.8210462927818298}, "l_elbow": {"x": 403.8333435058594, "y": 392.9583435058594, "conf": 0.9023844003677368}, "r_elbow": {"x": 494.6666564941406, "y": 372.0729064941406, "conf": 0.9167234897613525}, "l_wrist": {"x": 376.5833435058594, "y": 434.7291564941406, "conf": 0.9177292585372925}, "r_wrist": {"x": 482.5555419921875, "y": 426.375, "conf": 0.9123910069465637}, "l_hip": {"x": 422.0, "y": 468.1458435058594, "conf": 0.6804934740066528}, "r_hip": {"x": 446.22222900390625, "y": 468.1458435058594, "conf": 0.6243429780006409}, "l_knee": {"x": 355.3888854980469, "y": 543.3333129882812, "conf": 0.8763859272003174}, "r_knee": {"x": 437.1388854980469, "y": 555.8645629882812, "conf": 0.8636371493339539}, "l_ankle": {"x": 364.47222900390625, "y": 614.34375, "conf": 0.8428917527198792}, "r_ankle": {"x": 476.5, "y": 643.5833129882812, "conf": 0.8196049332618713}, "neck": {"x": 420.4861145019531, "y": 336.5677032470703, "conf": 0.8466974198818207}}], "compute_time": "8.48", "metadata": {"width": 600, "height": 698, "pose_model_name": "HRNet", "compute_time": "8.48"}}