{"poses": [{"nose": {"x": 787.25, "y": 188.3541717529297, "conf": 0.9467029571533203}, "l_eye": {"x": 809.0, "y": 152.3645782470703, "conf": 0.9717622399330139}, "r_eye": {"x": 751.0, "y": 159.5625, "conf": 0.9543925523757935}, "l_ear": {"x": 816.25, "y": 137.96875, "conf": 0.8963500261306763}, "r_ear": {"x": 685.75, "y": 159.5625, "conf": 0.955376148223877}, "l_shoulder": {"x": 874.25, "y": 238.7395782470703, "conf": 0.7545111179351807}, "r_shoulder": {"x": 613.25, "y": 267.53125, "conf": 0.713214635848999}, "l_elbow": {"x": 823.5, "y": 483.46875, "conf": 0.7931420207023621}, "r_elbow": {"x": 562.5, "y": 476.2708435058594, "conf": 0.8138617873191833}, "l_wrist": {"x": 751.0, "y": 677.8125, "conf": 0.8479896187782288}, "r_wrist": {"x": 591.5, "y": 713.8020629882812, "conf": 0.6028329730033875}, "l_hip": {"x": 722.0, "y": 541.0520629882812, "conf": 0.7055191993713379}, "r_hip": {"x": 562.5, "y": 526.65625, "conf": 0.5778460502624512}, "neck": {"x": 743.75, "y": 253.13541412353516, "conf": 0.7338628768920898}}], "compute_time": "4.73", "metadata": {"width": 1024, "height": 724, "pose_model_name": "HRNet", "compute_time": "4.73"}}