{"poses": [{"nose": {"x": 278.5, "y": 69.5, "conf": 0.815230667591095}, "l_eye": {"x": 284.0, "y": 60.8125, "conf": 0.7969851493835449}, "r_eye": {"x": 270.25, "y": 60.8125, "conf": 0.8237839341163635}, "l_ear": {"x": 295.0, "y": 69.5, "conf": 0.7611273527145386}, "r_ear": {"x": 253.75, "y": 60.8125, "conf": 0.8401787877082825}, "l_shoulder": {"x": 314.25, "y": 165.0625, "conf": 0.7080245614051819}, "r_shoulder": {"x": 242.75, "y": 139.0, "conf": 0.7762288451194763}, "l_elbow": {"x": 339.0, "y": 156.375, "conf": 0.8132073283195496}, "r_elbow": {"x": 212.5, "y": 156.375, "conf": 0.7119320631027222}, "l_wrist": {"x": 333.5, "y": 208.5, "conf": 0.7242191433906555}, "r_wrist": {"x": 207.0, "y": 208.5, "conf": 0.6874247789382935}, "l_hip": {"x": 278.5, "y": 356.1875, "conf": 0.7540172934532166}, "r_hip": {"x": 231.75, "y": 338.8125, "conf": 0.817537784576416}, "l_knee": {"x": 289.5, "y": 529.9375, "conf": 0.8204649686813354}, "r_knee": {"x": 218.0, "y": 529.9375, "conf": 0.8913493752479553}, "l_ankle": {"x": 292.25, "y": 747.125, "conf": 0.7884168028831482}, "r_ankle": {"x": 182.25, "y": 799.25, "conf": 0.7006002068519592}, "neck": {"x": 278.5, "y": 152.03125, "conf": 0.7421267032623291}}, {"nose": {"x": 413.3055419921875, "y": 300.1875, "conf": 0.9407058358192444}, "l_eye": {"x": 427.4166564941406, "y": 293.8333435058594, "conf": 0.9614486694335938}, "r_eye": {"x": 406.25, "y": 293.8333435058594, "conf": 0.9734722971916199}, "l_ear": {"x": 448.5833435058594, "y": 312.8958435058594, "conf": 0.9360467791557312}, "r_ear": {"x": 395.6666564941406, "y": 300.1875, "conf": 0.9453190565109253}, "l_shoulder": {"x": 466.22222900390625, "y": 376.4375, "conf": 0.8097209930419922}, "r_shoulder": {"x": 374.5, "y": 376.4375, "conf": 0.8549728393554688}, "l_elbow": {"x": 540.3055419921875, "y": 446.3333435058594, "conf": 0.9488250017166138}, "r_elbow": {"x": 381.5555419921875, "y": 452.6875, "conf": 0.7903590798377991}, "l_wrist": {"x": 483.8611145019531, "y": 509.875, "conf": 0.9237382411956787}, "r_wrist": {"x": 339.22222900390625, "y": 484.4583435058594, "conf": 0.8436104655265808}, "l_hip": {"x": 430.9444580078125, "y": 573.4166870117188, "conf": 0.7584105134010315}, "r_hip": {"x": 370.97222900390625, "y": 554.3541870117188, "conf": 0.8095519542694092}, "l_knee": {"x": 452.1111145019531, "y": 687.7916870117188, "conf": 0.9169550538063049}, "r_knee": {"x": 363.9166564941406, "y": 675.0833129882812, "conf": 0.8749340772628784}, "l_ankle": {"x": 452.1111145019531, "y": 821.2291870117188, "conf": 0.7917546629905701}, "r_ankle": {"x": 363.9166564941406, "y": 795.8125, "conf": 0.8475797176361084}, "neck": {"x": 420.3611145019531, "y": 376.4375, "conf": 0.8323469161987305}}], "compute_time": "3.56", "metadata": {"width": 700, "height": 873, "pose_model_name": "HRNet", "compute_time": "3.56"}}