{"/Users/15077693d/Desktop/FTDS/GitHub/Miro_Poject_Oscar/body_station/image/content/bodystation2.png": {"pt1": [0.06597222222222222, 0.05308641975308642], "pt2": [0.6506944444444445, 0.25679012345679014]}, "/Users/15077693d/Desktop/FTDS/GitHub/Miro_Poject_Oscar/body_station/image/content/movenow_.png": {"pt1": [0.7048611111111112, 0.056790123456790124], "pt2": [0.9729166666666667, 0.4074074074074074]}, "/Users/15077693d/Desktop/FTDS/GitHub/Miro_Poject_Oscar/body_station/image/content/movenow2.png": {"pt1": [0.06597222222222222, 0.8950617283950617], "pt2": [0.225, 0.9703703703703703]}, "/Users/15077693d/Desktop/FTDS/GitHub/Miro_Poject_Oscar/body_station/image/content/relicrunway.png": {"pt1": [0.06597222222222222, 0.28641975308641976], "pt2": [0.6527777777777778, 0.8777777777777778]}, "/Users/15077693d/Desktop/FTDS/GitHub/Miro_Poject_Oscar/body_station/image/hooligans/hooligans.png": {"pt1": [0.24513888888888888, 0.9024691358024691], "pt2": [0.39444444444444443, 0.9666666666666667]}, "/Users/15077693d/Desktop/FTDS/GitHub/Miro_Poject_Oscar/body_station/image/relicrunway/relicrunway.png": {"pt1": [0.7069444444444445, 0.43950617283950616], "pt2": [0.9729166666666667, 0.6049382716049383]}}