{"hooligans": [0.6298611111111111, 0.04666666666666667], 
    "relicrunway": [0.7611111111111111, 0.043333333333333335], 
    "tetris": [0.8854166666666666, 0.04555555555555556]}